Date, Open, High, Low,Adj Close, Close,Volume
2017-01-03,2251.57,2263.88,2245.13,0,2257.83,0
2017-01-04,2261.6,2272.82,2261.6,0,2270.75,0
2017-01-05,2268.18,2271.5,2260.45,0,2269,0
2017-01-06,2271.14,2282.1,2264.06,0,2276.98,0
2017-01-09,2273.59,2275.49,2268.9,0,2268.9,0
2017-01-10,2269.72,2279.27,2265.27,0,2268.9,0
2017-01-11,2268.6,2275.32,2260.83,0,2275.32,0
2017-01-12,2271.14,2271.78,2254.25,0,2270.44,0
2017-01-13,2272.74,2278.68,2271.51,0,2274.64,0
2017-01-17,2269.14,2272.08,2262.81,0,2267.89,0
2017-01-18,2269.14,2272.01,2263.35,0,2271.89,0
2017-01-19,2271.9,2274.33,2258.41,0,2263.69,0
2017-01-20,2269.96,2276.96,2265.01,0,2271.31,0
2017-01-23,2267.78,2271.78,2257.02,0,2265.2,0
2017-01-24,2267.88,2284.63,2266.68,0,2280.07,0
2017-01-25,2288.88,2299.55,2288.88,0,2298.37,0
2017-01-26,2298.63,2300.99,2294.08,0,2296.68,0
2017-01-27,2299.02,2299.02,2291.62,0,2294.69,0
2017-01-30,2286.01,2286.01,2268.04,0,2280.9,0
2017-01-31,2274.02,2279.09,2267.21,0,2278.87,0
2017-02-01,2285.59,2289.14,2272.44,0,2279.55,0
2017-02-02,2276.69,2283.97,2271.65,0,2280.85,0
2017-02-03,2288.54,2298.31,2287.88,0,2297.42,0
2017-02-06,2294.28,2296.18,2288.57,0,2292.56,0
2017-02-07,2295.87,2299.4,2290.16,0,2293.08,0
2017-02-08,2289.55,2295.91,2285.38,0,2294.67,0
2017-02-09,2296.7,2311.08,2296.61,0,2307.87,0
2017-02-10,2312.27,2319.23,2311.1,0,2316.1,0
2017-02-13,2321.72,2331.58,2321.42,0,2328.25,0
2017-02-14,2326.12,2337.58,2322.17,0,2337.58,0
2017-02-15,2335.58,2351.3,2334.81,0,2349.25,0
2017-02-16,2349.64,2351.31,2338.87,0,2347.22,0
2017-02-17,2343.01,2351.16,2339.58,0,2351.16,0
2017-02-21,2354.91,2366.71,2354.91,0,2365.38,0
2017-02-22,2361.11,2365.13,2358.34,0,2362.82,0
2017-02-23,2367.5,2368.26,2355.09,0,2363.81,0
2017-02-24,2355.73,2367.34,2352.87,0,2367.34,0
2017-02-27,2365.23,2371.54,2361.87,0,2369.75,0
2017-02-28,2366.08,2367.79,2358.96,0,2363.64,0
2017-03-01,2380.13,2400.98,2380.13,0,2395.96,0
2017-03-02,2394.75,2394.75,2380.17,0,2381.92,0
2017-03-03,2380.92,2383.89,2375.39,0,2383.12,0
2017-03-06,2375.23,2378.8,2367.98,0,2375.31,0
2017-03-07,2370.74,2375.12,2365.51,0,2368.39,0
2017-03-08,2369.81,2373.09,2361.01,0,2362.98,0
2017-03-09,2363.49,2369.08,2354.54,0,2364.87,0
2017-03-10,2372.52,2376.86,2363.04,0,2372.6,0
2017-03-13,2371.56,2374.42,2368.52,0,2373.47,0
2017-03-14,2368.55,2368.55,2358.18,0,2365.45,0
2017-03-15,2370.34,2390.01,2368.94,0,2385.26,0
2017-03-16,2387.71,2388.1,2377.18,0,2381.38,0
2017-03-17,2383.71,2385.71,2377.64,0,2378.25,0
2017-03-20,2378.24,2379.55,2369.66,0,2373.47,0
2017-03-21,2379.32,2381.93,2341.9,0,2344.02,0
2017-03-22,2343,2351.81,2336.45,0,2348.45,0
2017-03-23,2345.97,2358.92,2342.13,0,2345.96,0
2017-03-24,2350.42,2356.22,2335.74,0,2343.98,0
2017-03-27,2329.11,2344.9,2322.25,0,2341.59,0
2017-03-28,2339.79,2363.78,2337.63,0,2358.57,0
2017-03-29,2356.54,2363.36,2352.94,0,2361.13,0
2017-03-30,2361.31,2370.42,2358.58,0,2368.06,0
2017-03-31,2364.82,2370.35,2362.6,0,2362.72,0
2017-04-03,2362.34,2365.87,2344.73,0,2358.84,0
2017-04-04,2354.76,2360.53,2350.72,0,2360.16,0
2017-04-05,2366.59,2378.36,2350.52,0,2352.95,0
2017-04-06,2353.79,2364.16,2348.9,0,2357.49,0
2017-04-07,2356.59,2363.76,2350.74,0,2355.54,0
2017-04-10,2357.16,2366.37,2351.5,0,2357.16,0
2017-04-11,2353.92,2355.22,2337.25,0,2353.78,0
2017-04-12,2352.15,2352.72,2341.18,0,2344.93,0
2017-04-13,2341.98,2348.26,2328.95,0,2328.95,0
2017-04-17,2332.62,2349.14,2332.51,0,2349.01,0
2017-04-18,2342.53,2348.35,2334.54,0,2342.19,0
2017-04-19,2346.79,2352.63,2335.05,0,2338.17,0
2017-04-20,2342.69,2361.37,2340.91,0,2355.84,0
2017-04-21,2354.74,2356.18,2344.51,0,2348.69,0
2017-04-24,2370.33,2376.98,2369.19,0,2374.15,0
2017-04-25,2381.51,2392.48,2381.15,0,2388.61,0
2017-04-26,2388.98,2398.16,2386.76,0,2387.45,0
2017-04-27,2389.7,2392.1,2382.68,0,2388.77,0
2017-04-28,2393.68,2393.68,2382.36,0,2384.2,0
2017-05-01,2388.5,2394.49,2384.83,0,2388.33,0
2017-05-02,2391.05,2392.93,2385.82,0,2391.17,0
2017-05-03,2386.5,2389.82,2379.75,0,2388.13,0
2017-05-04,2389.79,2391.43,2380.35,0,2389.52,0
2017-05-05,2392.37,2399.29,2389.38,0,2399.29,0
2017-05-08,2399.94,2401.36,2393.92,0,2399.38,0
2017-05-09,2401.58,2403.87,2392.44,0,2396.92,0
2017-05-10,2396.79,2399.74,2392.79,0,2399.63,0
2017-05-11,2394.84,2395.72,2381.74,0,2394.44,0
2017-05-12,2392.44,2392.44,2387.19,0,2390.9,0
2017-05-15,2393.98,2404.05,2393.94,0,2402.32,0
2017-05-16,2404.55,2405.77,2396.05,0,2400.67,0
2017-05-17,2382.95,2384.87,2356.21,0,2357.03,0
2017-05-18,2354.69,2375.74,2352.72,0,2365.72,0
2017-05-19,2371.37,2389.06,2370.43,0,2381.73,0
2017-05-22,2387.21,2395.46,2386.92,0,2394.02,0
2017-05-23,2397.04,2400.85,2393.88,0,2398.42,0
2017-05-24,2401.41,2405.58,2397.99,0,2404.39,0
2017-05-25,2409.54,2418.71,2408.01,0,2415.07,0
2017-05-26,2414.5,2416.68,2412.2,0,2415.82,0
2017-05-30,2411.67,2415.26,2409.43,0,2412.91,0
2017-05-31,2415.63,2415.99,2403.59,0,2411.8,0
2017-06-01,2415.65,2430.06,2413.54,0,2430.06,0
2017-06-02,2431.28,2440.23,2427.71,0,2439.07,0
2017-06-05,2437.83,2439.55,2434.32,0,2436.1,0
2017-06-06,2431.92,2436.21,2428.12,0,2429.33,0
2017-06-07,2432.03,2435.28,2424.75,0,2433.14,0
2017-06-08,2434.27,2439.27,2427.94,0,2433.79,0
2017-06-09,2436.39,2446.2,2415.7,0,2431.77,0
2017-06-12,2425.88,2430.38,2419.97,0,2429.39,0
2017-06-13,2434.15,2441.49,2431.28,0,2440.35,0
2017-06-14,2443.75,2443.75,2428.34,0,2437.92,0
2017-06-15,2424.14,2433.95,2418.53,0,2432.46,0
2017-06-16,2431.24,2433.15,2422.88,0,2433.15,0
2017-06-19,2442.55,2453.82,2441.79,0,2453.46,0
2017-06-20,2450.66,2450.66,2436.6,0,2437.03,0
2017-06-21,2439.31,2442.23,2430.74,0,2435.61,0
2017-06-22,2437.4,2441.62,2433.27,0,2434.5,0
2017-06-23,2434.65,2441.4,2431.11,0,2438.3,0
2017-06-26,2443.32,2450.42,2437.03,0,2439.07,0
2017-06-27,2436.34,2440.15,2419.38,0,2419.38,0
2017-06-28,2428.7,2442.97,2428.02,0,2440.69,0
2017-06-29,2442.38,2442.73,2405.7,0,2419.7,0
2017-06-30,2429.2,2432.71,2421.65,0,2423.41,0
2017-07-03,2431.39,2439.17,2428.69,0,2429.01,0
2017-07-05,2430.78,2434.9,2422.05,0,2432.54,0
2017-07-06,2423.44,2424.28,2407.7,0,2409.75,0
2017-07-07,2413.52,2426.92,2413.52,0,2425.18,0
2017-07-10,2424.51,2432,2422.27,0,2427.43,0
2017-07-11,2427.35,2429.3,2412.79,0,2425.53,0
2017-07-12,2435.75,2445.76,2435.75,0,2443.25,0
2017-07-13,2444.99,2449.32,2441.69,0,2447.83,0
2017-07-14,2449.16,2463.54,2446.69,0,2459.27,0
2017-07-17,2459.5,2462.82,2457.16,0,2459.14,0
2017-07-18,2455.88,2460.92,2450.34,0,2460.61,0
2017-07-19,2463.85,2473.83,2463.85,0,2473.83,0
2017-07-20,2475.56,2477.62,2468.43,0,2473.45,0
2017-07-21,2467.4,2472.54,2465.06,0,2472.54,0
2017-07-24,2472.04,2473.1,2466.32,0,2469.91,0
2017-07-25,2477.88,2481.24,2474.91,0,2477.13,0
2017-07-26,2479.97,2481.69,2474.94,0,2477.83,0
2017-07-27,2482.76,2484.04,2459.93,0,2475.42,0
2017-07-28,2469.12,2473.53,2464.66,0,2472.1,0
2017-07-31,2475.94,2477.96,2468.53,0,2470.3,0
2017-08-01,2477.1,2478.51,2471.14,0,2476.35,0
2017-08-02,2480.38,2480.38,2466.48,0,2477.57,0
2017-08-03,2476.03,2476.03,2468.85,0,2472.16,0
2017-08-04,2476.88,2480,2472.08,0,2476.83,0
2017-08-07,2477.14,2480.95,2475.88,0,2480.91,0
2017-08-08,2478.35,2490.87,2470.32,0,2474.92,0
2017-08-09,2465.35,2474.41,2462.08,0,2474.02,0
2017-08-10,2465.38,2465.38,2437.75,0,2438.21,0
2017-08-11,2441.04,2448.09,2437.85,0,2441.32,0
2017-08-14,2454.96,2468.22,2454.96,0,2465.84,0
2017-08-15,2468.66,2468.9,2461.61,0,2464.61,0
2017-08-16,2468.63,2474.93,2463.86,0,2468.11,0
2017-08-17,2462.95,2465.02,2430.01,0,2430.01,0
2017-08-18,2427.64,2440.27,2420.69,0,2425.55,0
2017-08-21,2425.5,2430.58,2417.35,0,2428.37,0
2017-08-22,2433.75,2454.77,2433.67,0,2452.51,0
2017-08-23,2444.88,2448.91,2441.42,0,2444.04,0
2017-08-24,2447.91,2450.39,2436.19,0,2438.97,0
2017-08-25,2444.72,2453.96,2442.22,0,2443.05,0
2017-08-28,2447.35,2449.12,2439.03,0,2444.24,0
2017-08-29,2431.94,2449.19,2428.2,0,2446.3,0
2017-08-30,2446.06,2460.31,2443.77,0,2457.59,0
2017-08-31,2462.65,2475.01,2462.65,0,2471.65,0
2017-09-01,2474.42,2480.38,2473.85,0,2476.55,0
2017-09-05,2470.35,2471.97,2446.55,0,2457.85,0
2017-09-06,2463.83,2469.64,2459.2,0,2465.54,0
2017-09-07,2468.06,2468.62,2460.29,0,2465.1,0
2017-09-08,2462.25,2467.11,2459.4,0,2461.43,0
2017-09-11,2474.52,2488.95,2474.52,0,2488.11,0
2017-09-12,2491.94,2496.77,2490.37,0,2496.48,0
2017-09-13,2493.89,2498.37,2492.14,0,2498.37,0
2017-09-14,2494.56,2498.43,2491.35,0,2495.62,0
2017-09-15,2495.67,2500.23,2493.16,0,2500.23,0
2017-09-18,2502.51,2508.32,2499.92,0,2503.87,0
2017-09-19,2506.29,2507.84,2503.19,0,2506.65,0
2017-09-20,2506.84,2508.85,2496.67,0,2508.24,0
2017-09-21,2507.16,2507.16,2499,0,2500.6,0
2017-09-22,2497.26,2503.47,2496.54,0,2502.22,0
2017-09-25,2499.39,2502.54,2488.03,0,2496.66,0
2017-09-26,2501.04,2503.51,2495.12,0,2496.84,0
2017-09-27,2503.3,2511.75,2495.91,0,2507.04,0
2017-09-28,2503.41,2510.81,2502.93,0,2510.06,0
2017-09-29,2509.96,2519.44,2507.99,0,2519.36,0
2017-10-02,2521.2,2529.23,2520.4,0,2529.12,0
2017-10-03,2530.34,2535.13,2528.85,0,2534.58,0
2017-10-04,2533.48,2540.53,2531.8,0,2537.74,0
2017-10-05,2540.86,2552.51,2540.02,0,2552.07,0
2017-10-06,2547.44,2549.41,2543.79,0,2549.33,0
2017-10-09,2551.39,2551.82,2541.6,0,2544.73,0
2017-10-10,2549.99,2555.23,2544.86,0,2550.64,0
2017-10-11,2550.62,2555.24,2547.95,0,2555.24,0
2017-10-12,2552.88,2555.33,2548.31,0,2550.93,0
2017-10-13,2555.66,2557.65,2552.09,0,2553.17,0
2017-10-16,2555.57,2559.47,2552.64,0,2557.64,0
2017-10-17,2557.17,2559.71,2554.69,0,2559.36,0
2017-10-18,2562.87,2564.11,2559.67,0,2561.26,0
2017-10-19,2553.39,2562.36,2547.92,0,2562.1,0
2017-10-20,2567.56,2575.44,2567.56,0,2575.21,0
2017-10-23,2578.08,2578.29,2564.33,0,2564.98,0
2017-10-24,2568.66,2572.18,2565.58,0,2569.13,0
2017-10-25,2566.52,2567.4,2544,0,2557.15,0
2017-10-26,2560.08,2567.07,2559.8,0,2560.4,0
2017-10-27,2570.26,2582.98,2565.94,0,2581.07,0
2017-10-30,2577.75,2580.03,2568.25,0,2572.83,0
2017-10-31,2575.99,2578.29,2572.15,0,2575.26,0
2017-11-01,2583.21,2588.4,2574.92,0,2579.36,0
2017-11-02,2579.46,2581.11,2566.17,0,2579.85,0
2017-11-03,2581.93,2588.42,2576.77,0,2587.84,0
2017-11-06,2587.47,2593.38,2585.66,0,2591.13,0
2017-11-07,2592.11,2597.02,2584.35,0,2590.64,0
2017-11-08,2588.71,2595.47,2585.02,0,2594.38,0
2017-11-09,2584,2586.5,2566.33,0,2584.62,0
2017-11-10,2580.18,2583.81,2575.57,0,2582.3,0
2017-11-13,2576.53,2587.66,2574.48,0,2584.84,0
2017-11-14,2577.75,2579.66,2566.56,0,2578.87,0
2017-11-15,2569.45,2572.84,2557.45,0,2564.62,0
2017-11-16,2572.95,2590.09,2572.95,0,2585.64,0
2017-11-17,2582.94,2583.96,2577.62,0,2578.85,0
2017-11-20,2579.49,2584.64,2578.24,0,2582.14,0
2017-11-21,2589.17,2601.19,2589.17,0,2599.03,0
2017-11-22,2600.31,2600.94,2595.23,0,2597.08,0
2017-11-24,2600.42,2604.21,2600.42,0,2602.42,0
2017-11-27,2602.66,2606.41,2598.87,0,2601.42,0
2017-11-28,2605.94,2627.69,2605.44,0,2627.04,0
2017-11-29,2627.82,2634.89,2620.32,0,2626.07,0
2017-11-30,2633.93,2657.74,2633.93,0,2647.58,0
2017-12-01,2645.1,2650.62,2605.52,0,2642.22,0
2017-12-04,2657.19,2665.19,2639.03,0,2639.44,0
2017-12-05,2639.78,2648.72,2627.73,0,2629.57,0
2017-12-06,2626.24,2634.41,2624.75,0,2629.27,0
2017-12-07,2628.38,2640.99,2626.53,0,2636.98,0
2017-12-08,2646.21,2651.65,2644.1,0,2651.5,0
2017-12-11,2652.19,2660.33,2651.47,0,2659.99,0
2017-12-12,2661.73,2669.72,2659.78,0,2664.11,0
2017-12-13,2667.59,2671.88,2662.85,0,2662.85,0
2017-12-14,2665.87,2668.09,2652.01,0,2652.01,0
2017-12-15,2660.63,2679.63,2659.14,0,2675.81,0
2017-12-18,2685.92,2694.97,2685.92,0,2690.16,0
2017-12-19,2692.71,2694.44,2680.74,0,2681.47,0
2017-12-20,2688.18,2691.01,2676.11,0,2679.25,0
2017-12-21,2683.02,2692.64,2682.4,0,2684.57,0
2017-12-22,2684.22,2685.35,2678.13,0,2683.34,0
2017-12-26,2679.09,2682.74,2677.96,0,2680.5,0
2017-12-27,2682.1,2685.64,2678.91,0,2682.62,0
2017-12-28,2686.1,2687.66,2682.69,0,2687.54,0
2017-12-29,2689.15,2692.12,2673.61,0,2673.61,0
2018-01-02,2683.73,2695.89,2682.36,0,2695.81,0
2018-01-03,2697.85,2714.37,2697.77,0,2713.06,0
2018-01-04,2719.31,2729.29,2719.07,0,2723.99,0
2018-01-05,2731.33,2743.45,2727.92,0,2743.15,0
2018-01-08,2742.67,2748.51,2737.6,0,2747.71,0
2018-01-09,2751.15,2759.14,2747.86,0,2751.29,0
2018-01-10,2745.55,2750.8,2736.06,0,2748.23,0
2018-01-11,2752.97,2767.56,2752.78,0,2767.56,0
2018-01-12,2770.18,2787.85,2769.64,0,2786.24,0
2018-01-16,2798.96,2807.54,2768.64,0,2776.42,0
2018-01-17,2784.99,2807.04,2778.38,0,2802.56,0
2018-01-18,2802.4,2805.83,2792.56,0,2798.03,0
2018-01-19,2802.6,2810.33,2798.08,0,2810.3,0
2018-01-22,2809.16,2833.03,2808.12,0,2832.97,0
2018-01-23,2835.05,2842.24,2830.59,0,2839.13,0
2018-01-24,2845.42,2852.97,2824.81,0,2837.54,0
2018-01-25,2846.24,2848.56,2830.94,0,2839.25,0
2018-01-26,2847.48,2872.87,2846.18,0,2872.87,0
2018-01-29,2867.23,2870.62,2851.48,0,2853.53,0
2018-01-30,2832.74,2837.75,2818.27,0,2822.43,0
2018-01-31,2832.41,2839.26,2813.04,0,2823.81,0
2018-02-01,2816.45,2835.96,2812.7,0,2821.98,0
2018-02-02,2808.92,2808.92,2759.97,0,2762.13,0
2018-02-05,2741.06,2763.39,2638.17,0,2648.94,0
2018-02-06,2614.78,2701.04,2593.07,0,2695.14,0
2018-02-07,2690.95,2727.67,2681.33,0,2681.66,0
2018-02-08,2685.01,2685.27,2580.56,0,2581,0
2018-02-09,2601.78,2638.67,2532.69,0,2619.55,0
2018-02-12,2636.75,2672.61,2622.45,0,2656,0
2018-02-13,2646.27,2668.84,2637.08,0,2662.94,0
2018-02-14,2651.21,2702.1,2648.87,0,2698.63,0
2018-02-15,2713.46,2731.51,2689.82,0,2731.2,0
2018-02-16,2727.14,2754.42,2725.11,0,2732.22,0
2018-02-20,2726.01,2737.6,2706.76,0,2716.26,0
2018-02-21,2720.53,2747.75,2701.29,0,2701.33,0
2018-02-22,2710.42,2731.26,2697.77,0,2703.96,0
2018-02-23,2715.8,2747.76,2713.74,0,2747.3,0
2018-02-26,2757.37,2780.64,2753.78,0,2779.6,0
2018-02-27,2780.45,2789.15,2744.22,0,2744.28,0
2018-02-28,2753.78,2761.52,2713.54,0,2713.83,0
2018-03-01,2715.22,2730.89,2659.65,0,2677.67,0
2018-03-02,2658.89,2696.25,2647.32,0,2691.25,0
2018-03-05,2681.06,2728.09,2675.75,0,2720.94,0
2018-03-06,2730.18,2732.08,2711.26,0,2728.12,0
2018-03-07,2710.18,2730.6,2701.74,0,2726.8,0
2018-03-08,2732.75,2740.45,2722.65,0,2738.97,0
2018-03-09,2752.91,2786.57,2751.54,0,2786.57,0
2018-03-12,2790.54,2796.98,2779.26,0,2783.02,0
2018-03-13,2792.31,2801.9,2758.68,0,2765.31,0
2018-03-14,2774.06,2777.11,2744.38,0,2749.48,0
2018-03-15,2754.27,2763.03,2741.47,0,2747.33,0
2018-03-16,2750.57,2761.85,2749.97,0,2752.01,0
2018-03-19,2741.38,2741.38,2694.59,0,2712.92,0
2018-03-20,2715.05,2724.22,2710.05,0,2716.94,0
2018-03-21,2714.99,2739.14,2709.79,0,2711.93,0
2018-03-22,2691.36,2695.68,2641.59,0,2643.69,0
2018-03-23,2646.71,2657.67,2585.89,0,2588.26,0
2018-03-26,2619.35,2661.36,2601.81,0,2658.55,0
2018-03-27,2667.57,2674.78,2596.12,0,2612.62,0
2018-03-28,2611.3,2632.65,2593.06,0,2605,0
2018-03-29,2614.41,2659.07,2609.72,0,2640.87,0
2018-04-02,2633.45,2638.3,2553.8,0,2581.88,0
2018-04-03,2592.17,2619.14,2575.49,0,2614.45,0
2018-04-04,2584.04,2649.86,2573.61,0,2644.69,0
2018-04-05,2657.36,2672.08,2649.58,0,2662.84,0
2018-04-06,2645.82,2656.88,2586.27,0,2604.47,0
2018-04-09,2617.18,2653.55,2610.79,0,2613.16,0
2018-04-10,2638.41,2665.45,2635.78,0,2656.87,0
2018-04-11,2643.89,2661.43,2639.25,0,2642.19,0
2018-04-12,2653.83,2674.72,2653.83,0,2663.99,0
2018-04-13,2676.9,2680.26,2645.05,0,2656.3,0
2018-04-16,2670.1,2686.49,2665.16,0,2677.84,0
2018-04-17,2692.74,2713.34,2692.05,0,2706.39,0
2018-04-18,2710.11,2717.49,2703.63,0,2708.64,0
2018-04-19,2701.16,2702.84,2681.9,0,2693.13,0
2018-04-20,2692.56,2693.94,2660.61,0,2670.14,0
2018-04-23,2675.4,2682.86,2657.99,0,2670.29,0
2018-04-24,2680.8,2683.55,2617.32,0,2634.56,0
2018-04-25,2634.92,2645.3,2612.67,0,2639.4,0
2018-04-26,2651.65,2676.48,2647.16,0,2666.94,0
2018-04-27,2675.47,2677.35,2659.01,0,2669.91,0
2018-04-30,2675.05,2682.92,2648.04,0,2648.05,0
2018-05-01,2643.64,2655.27,2625.41,0,2654.8,0
2018-05-02,2654.24,2660.87,2631.7,0,2635.67,0
2018-05-03,2628.08,2637.14,2594.62,0,2629.73,0
2018-05-04,2621.45,2670.93,2615.32,0,2663.42,0
2018-05-07,2669.36,2683.35,2664.7,0,2672.63,0
2018-05-08,2670.26,2676.34,2655.2,0,2671.92,0
2018-05-09,2678.12,2701.27,2674.14,0,2697.79,0
2018-05-10,2705.02,2726.11,2704.54,0,2723.07,0
2018-05-11,2722.7,2732.86,2717.45,0,2727.72,0
2018-05-14,2733.37,2742.1,2725.47,0,2730.13,0
2018-05-15,2718.59,2718.59,2701.91,0,2711.45,0
2018-05-16,2712.62,2727.76,2712.17,0,2722.46,0
2018-05-17,2719.71,2731.96,2711.36,0,2720.13,0
2018-05-18,2717.35,2719.5,2709.18,0,2712.97,0
2018-05-21,2725.95,2739.19,2725.7,0,2733.01,0
2018-05-22,2738.34,2742.24,2721.88,0,2724.44,0
2018-05-23,2713.98,2733.33,2709.54,0,2733.29,0
2018-05-24,2730.94,2731.97,2707.38,0,2727.76,0
2018-05-25,2723.6,2727.36,2714.99,0,2721.33,0
2018-05-29,2705.11,2710.67,2676.81,0,2689.86,0
2018-05-30,2702.43,2729.34,2702.43,0,2724.01,0
2018-05-31,2720.98,2722.5,2700.68,0,2705.27,0
2018-06-01,2718.7,2736.93,2718.7,0,2734.62,0
2018-06-04,2741.67,2749.16,2740.54,0,2746.87,0
2018-06-05,2748.46,2752.61,2739.51,0,2748.8,0
2018-06-06,2753.25,2772.39,2748.46,0,2772.35,0
2018-06-07,2774.84,2779.9,2760.16,0,2770.37,0
2018-06-08,2765.84,2779.39,2763.59,0,2779.03,0
2018-06-11,2780.18,2790.21,2780.17,0,2782,0
2018-06-12,2785.6,2789.8,2778.78,0,2786.85,0
2018-06-13,2787.94,2791.47,2774.65,0,2775.63,0
2018-06-14,2783.21,2789.06,2776.52,0,2782.49,0
2018-06-15,2777.78,2782.81,2761.73,0,2779.66,0
2018-06-18,2765.79,2774.99,2757.12,0,2773.75,0
2018-06-19,2752.01,2765.05,2743.19,0,2762.59,0
2018-06-20,2769.73,2774.86,2763.91,0,2767.32,0
2018-06-21,2769.28,2769.28,2744.39,0,2749.76,0
2018-06-22,2760.79,2764.17,2752.68,0,2754.88,0
2018-06-25,2742.94,2742.94,2698.67,0,2717.07,0
2018-06-26,2722.12,2732.91,2715.6,0,2723.06,0
2018-06-27,2728.45,2746.09,2699.38,0,2699.63,0
2018-06-28,2698.69,2724.34,2691.99,0,2716.31,0
2018-06-29,2727.13,2743.26,2718.03,0,2718.37,0
2018-07-02,2704.95,2727.26,2698.95,0,2726.71,0
2018-07-03,2733.27,2736.58,2711.16,0,2713.22,0
2018-07-05,2724.19,2737.83,2716.02,0,2736.61,0
2018-07-06,2737.68,2764.41,2733.52,0,2759.82,0
2018-07-09,2768.51,2784.65,2768.51,0,2784.17,0
2018-07-10,2788.56,2795.58,2786.24,0,2793.84,0
2018-07-11,2779.82,2785.91,2770.77,0,2774.02,0
2018-07-12,2783.14,2799.22,2781.53,0,2798.29,0
2018-07-13,2796.93,2804.53,2791.69,0,2801.31,0
2018-07-16,2801.43,2803.71,2793.39,0,2798.43,0
2018-07-17,2789.34,2814.19,2789.24,0,2809.55,0
2018-07-18,2811.35,2816.76,2805.89,0,2815.62,0
2018-07-19,2809.37,2812.05,2799.77,0,2804.49,0
2018-07-20,2804.55,2809.7,2800.01,0,2801.83,0
2018-07-23,2799.17,2808.61,2795.14,0,2806.98,0
2018-07-24,2820.68,2829.99,2811.12,0,2820.4,0
2018-07-25,2817.73,2848.03,2817.73,0,2846.07,0
2018-07-26,2835.49,2845.57,2835.26,0,2837.44,0
2018-07-27,2842.35,2843.17,2808.34,0,2818.82,0
2018-07-30,2819,2821.74,2798.11,0,2802.6,0
2018-07-31,2809.73,2824.46,2808.06,0,2816.29,0
2018-08-01,2821.17,2825.83,2805.85,0,2813.36,0
2018-08-02,2800.48,2829.91,2796.34,0,2827.22,0
2018-08-03,2829.62,2840.38,2827.37,0,2840.35,0
2018-08-06,2840.29,2853.29,2835.98,0,2850.4,0
2018-08-07,2855.92,2863.43,2855.92,0,2858.45,0
2018-08-08,2856.79,2862.44,2853.09,0,2857.7,0
2018-08-09,2857.19,2862.48,2851.98,0,2853.58,0
2018-08-10,2839.64,2842.2,2825.81,0,2833.28,0
2018-08-13,2835.46,2843.4,2819.88,0,2821.93,0
2018-08-14,2827.88,2843.11,2826.58,0,2839.96,0
2018-08-15,2827.95,2827.95,2802.49,0,2818.37,0
2018-08-16,2831.44,2850.49,2831.44,0,2840.69,0
2018-08-17,2838.32,2855.63,2833.73,0,2850.13,0
2018-08-20,2853.93,2859.76,2850.62,0,2857.05,0
2018-08-21,2861.51,2873.23,2861.32,0,2862.96,0
2018-08-22,2860.99,2867.54,2856.05,0,2861.82,0
2018-08-23,2860.29,2868.78,2854.03,0,2856.98,0
2018-08-24,2862.35,2876.16,2862.35,0,2874.69,0
2018-08-27,2884.69,2898.25,2884.69,0,2896.74,0
2018-08-28,2901.45,2903.77,2893.5,0,2897.52,0
2018-08-29,2900.62,2916.5,2898.4,0,2914.04,0
2018-08-30,2908.94,2912.46,2895.22,0,2901.13,0
2018-08-31,2898.37,2906.32,2891.73,0,2901.52,0
2018-09-04,2896.96,2900.18,2885.13,0,2896.72,0
2018-09-05,2891.59,2894.21,2876.92,0,2888.6,0
2018-09-06,2888.64,2892.05,2867.29,0,2878.05,0
2018-09-07,2868.26,2883.81,2864.12,0,2871.68,0
2018-09-10,2881.39,2886.93,2875.94,0,2877.13,0
2018-09-11,2871.57,2892.52,2866.78,0,2887.89,0
2018-09-12,2888.29,2894.65,2879.2,0,2888.92,0
2018-09-13,2896.85,2906.76,2896.39,0,2904.18,0
2018-09-14,2906.38,2908.3,2895.77,0,2904.98,0
2018-09-17,2903.83,2904.65,2886.16,0,2888.8,0
2018-09-18,2890.74,2911.17,2890.43,0,2904.31,0
2018-09-19,2906.6,2912.36,2903.82,0,2907.95,0
2018-09-20,2919.73,2934.8,2919.73,0,2930.75,0
2018-09-21,2936.76,2940.91,2927.11,0,2929.67,0
2018-09-24,2921.83,2923.79,2912.63,0,2919.37,0
2018-09-25,2921.75,2923.95,2913.7,0,2915.56,0
2018-09-26,2916.98,2931.15,2903.28,0,2905.97,0
2018-09-27,2911.65,2927.22,2909.27,0,2914,0
2018-09-28,2910.03,2920.53,2907.5,0,2913.98,0
2018-10-01,2926.29,2937.06,2917.91,0,2924.59,0
2018-10-02,2923.8,2931.42,2919.37,0,2923.43,0
2018-10-03,2931.69,2939.86,2921.36,0,2925.51,0
2018-10-04,2919.35,2919.78,2883.92,0,2901.61,0
2018-10-05,2902.54,2909.64,2869.29,0,2885.57,0
2018-10-08,2877.53,2889.45,2862.08,0,2884.43,0
2018-10-09,2882.51,2894.83,2874.27,0,2880.34,0
2018-10-10,2873.9,2874.02,2784.86,0,2785.68,0
2018-10-11,2776.87,2795.14,2710.51,0,2728.37,0
2018-10-12,2770.54,2775.77,2729.44,0,2767.13,0
2018-10-15,2763.83,2775.99,2749.03,0,2750.79,0
2018-10-16,2767.05,2813.46,2766.91,0,2809.92,0
2018-10-17,2811.67,2816.94,2781.81,0,2809.21,0
2018-10-18,2802,2806.04,2755.18,0,2768.78,0
2018-10-19,2775.66,2797.77,2760.27,0,2767.78,0
2018-10-22,2773.94,2778.94,2749.22,0,2755.88,0
2018-10-23,2721.03,2753.59,2691.43,0,2740.69,0
2018-10-24,2737.87,2742.59,2651.89,0,2656.1,0
2018-10-25,2674.88,2722.7,2667.84,0,2705.57,0
2018-10-26,2667.86,2692.38,2628.16,0,2658.69,0
2018-10-29,2682.65,2706.85,2603.54,0,2641.25,0
2018-10-30,2640.68,2685.43,2635.34,0,2682.63,0
2018-10-31,2705.6,2736.69,2705.6,0,2711.74,0
2018-11-01,2717.58,2741.67,2708.85,0,2740.37,0
2018-11-02,2745.45,2756.55,2700.44,0,2723.06,0
2018-11-05,2726.37,2744.27,2717.94,0,2738.31,0
2018-11-06,2738.4,2756.82,2737.08,0,2755.45,0
2018-11-07,2774.13,2815.15,2774.13,0,2813.89,0
2018-11-08,2806.38,2814.75,2794.99,0,2806.83,0
2018-11-09,2794.1,2794.1,2764.24,0,2781.01,0
2018-11-12,2773.93,2775.99,2722,0,2726.22,0
2018-11-13,2730.05,2754.6,2714.98,0,2722.18,0
2018-11-14,2737.9,2746.8,2685.75,0,2701.58,0
2018-11-15,2693.52,2735.38,2670.75,0,2730.2,0
2018-11-16,2718.54,2746.75,2712.16,0,2736.27,0
2018-11-19,2730.74,2733.16,2681.09,0,2690.73,0
2018-11-20,2654.6,2669.44,2631.52,0,2641.89,0
2018-11-21,2657.74,2670.73,2649.82,0,2649.93,0
2018-11-23,2633.36,2647.55,2631.09,0,2632.56,0
2018-11-26,2649.97,2674.35,2649.97,0,2673.45,0
2018-11-27,2663.75,2682.53,2655.89,0,2682.17,0
2018-11-28,2691.45,2744,2684.38,0,2743.79,0
2018-11-29,2736.97,2753.75,2722.94,0,2737.76,0
2018-11-30,2737.76,2760.88,2732.76,0,2760.17,0
2018-12-03,2790.5,2800.18,2773.38,0,2790.37,0
2018-12-04,2782.43,2785.93,2697.18,0,2700.06,0
2018-12-06,2663.51,2696.15,2621.53,0,2695.95,0
2018-12-07,2691.26,2708.54,2623.14,0,2633.08,0
2018-12-10,2630.86,2647.51,2583.23,0,2637.72,0
2018-12-11,2664.44,2674.35,2621.3,0,2636.78,0
2018-12-12,2658.23,2685.44,2650.26,0,2651.07,0
2018-12-13,2658.7,2670.19,2637.27,0,2650.54,0
2018-12-14,2629.68,2635.07,2593.84,0,2599.95,0
2018-12-17,2590.75,2601.13,2530.54,0,2545.94,0
2018-12-18,2559.9,2573.99,2528.71,0,2546.16,0
2018-12-19,2547.05,2585.29,2488.96,0,2506.96,0
2018-12-20,2496.77,2509.63,2441.18,0,2467.42,0
2018-12-21,2465.38,2504.41,2408.55,0,2416.62,0
2018-12-24,2400.56,2410.34,2351.1,0,2351.1,0
2018-12-26,2363.12,2467.76,2346.58,0,2467.7,0
2018-12-27,2442.5,2489.1,2397.94,0,2488.83,0
2018-12-28,2498.77,2520.27,2472.89,0,2485.74,0
2018-12-31,2498.94,2509.24,2482.82,0,2506.85,0
2019-01-02,2476.96,2519.49,2467.47,0,2510.03,0
2019-01-03,2491.92,2493.14,2443.96,0,2447.89,0
2019-01-04,2474.33,2538.07,2474.33,0,2531.94,0
2019-01-07,2535.61,2566.16,2524.56,0,2549.69,0
2019-01-08,2568.11,2579.82,2547.56,0,2574.41,0
2019-01-09,2580,2595.32,2568.89,0,2584.96,0
2019-01-10,2573.51,2597.82,2562.02,0,2596.64,0
2019-01-11,2588.11,2596.27,2577.4,0,2596.26,0
2019-01-14,2580.31,2589.32,2570.41,0,2582.61,0
2019-01-15,2585.1,2613.08,2585.1,0,2610.3,0
2019-01-16,2614.75,2625.76,2612.68,0,2616.1,0
2019-01-17,2609.28,2645.06,2606.36,0,2635.96,0
2019-01-18,2651.27,2675.47,2647.58,0,2670.71,0
2019-01-22,2657.88,2657.88,2617.27,0,2632.9,0
2019-01-23,2643.48,2653.19,2612.86,0,2638.7,0
2019-01-24,2638.84,2647.2,2627.01,0,2642.33,0
2019-01-25,2657.44,2672.38,2657.33,0,2664.76,0
2019-01-28,2644.97,2644.97,2624.06,0,2643.85,0
2019-01-29,2644.89,2650.93,2631.05,0,2640,0
2019-01-30,2653.62,2690.44,2648.34,0,2681.05,0
2019-01-31,2685.49,2708.95,2678.65,0,2704.1,0
2019-02-01,2702.32,2716.66,2696.88,0,2706.53,0
2019-02-04,2706.49,2724.99,2698.75,0,2724.87,0
2019-02-05,2728.34,2738.98,2724.03,0,2737.7,0
2019-02-06,2735.05,2738.08,2724.15,0,2731.61,0
2019-02-07,2717.53,2719.32,2687.26,0,2706.05,0
2019-02-08,2692.36,2708.07,2681.83,0,2707.88,0
2019-02-11,2712.4,2718.05,2703.79,0,2709.8,0
2019-02-12,2722.61,2748.19,2722.61,0,2744.73,0
2019-02-13,2750.3,2761.85,2748.63,0,2753.03,0
2019-02-14,2743.5,2757.9,2731.23,0,2745.73,0
2019-02-15,2760.24,2775.66,2760.24,0,2775.6,0
2019-02-19,2769.28,2787.33,2767.29,0,2779.76,0
2019-02-20,2779.05,2789.88,2774.06,0,2784.7,0
2019-02-21,2780.24,2781.58,2764.55,0,2774.88,0
2019-02-22,2780.67,2794.2,2779.11,0,2792.67,0
2019-02-25,2804.35,2813.49,2794.99,0,2796.11,0
2019-02-26,2792.36,2803.12,2789.47,0,2793.9,0
2019-02-27,2787.5,2795.76,2775.13,0,2792.38,0
2019-02-28,2788.11,2793.73,2782.51,0,2784.49,0
2019-03-01,2798.22,2808.02,2787.38,0,2803.69,0
2019-03-04,2814.37,2816.88,2767.66,0,2792.81,0
2019-03-05,2794.41,2796.44,2782.97,0,2789.65,0
2019-03-06,2790.27,2790.27,2768.69,0,2771.45,0
2019-03-07,2766.53,2767.25,2739.09,0,2748.93,0
2019-03-08,2730.79,2744.13,2722.27,0,2743.07,0
2019-03-11,2747.61,2784,2747.61,0,2783.3,0
2019-03-12,2787.34,2798.32,2786.73,0,2791.52,0
2019-03-13,2799.78,2821.24,2799.78,0,2810.92,0
2019-03-14,2810.38,2815,2803.46,0,2808.48,0
2019-03-15,2810.79,2830.73,2810.79,0,2822.48,0
2019-03-18,2822.61,2835.41,2821.99,0,2832.94,0
2019-03-19,2840.76,2852.42,2823.27,0,2832.57,0
2019-03-20,2831.34,2843.54,2812.43,0,2824.23,0
2019-03-21,2819.72,2860.31,2817.38,0,2854.88,0
2019-03-22,2844.52,2846.16,2800.47,0,2800.71,0
2019-03-25,2796.01,2809.79,2785.02,0,2798.36,0
2019-03-26,2812.66,2829.87,2803.99,0,2818.46,0
2019-03-27,2819.72,2825.56,2787.72,0,2805.37,0
2019-03-28,2809.4,2819.71,2798.77,0,2815.44,0
2019-03-29,2828.27,2836.03,2819.23,0,2834.4,0
2019-04-01,2848.63,2869.4,2848.63,0,2867.19,0
2019-04-02,2868.24,2872.9,2858.75,0,2867.24,0
2019-04-03,2876.09,2885.25,2865.17,0,2873.4,0
2019-04-04,2873.99,2881.28,2867.14,0,2879.39,0
2019-04-05,2884.16,2893.24,2882.99,0,2892.74,0
2019-04-08,2888.46,2895.95,2880.78,0,2895.77,0
2019-04-09,2886.58,2886.88,2873.33,0,2878.2,0
2019-04-10,2881.37,2889.71,2879.13,0,2888.21,0
2019-04-11,2891.92,2893.42,2881.99,0,2888.32,0
2019-04-12,2900.86,2910.54,2898.37,0,2907.41,0
2019-04-15,2908.32,2909.6,2896.48,0,2905.58,0
2019-04-16,2912.26,2916.06,2900.71,0,2907.06,0
2019-04-17,2916.04,2918,2895.45,0,2900.45,0
2019-04-18,2904.81,2908.4,2891.9,0,2905.03,0
2019-04-22,2898.78,2909.51,2896.35,0,2907.97,0
2019-04-23,2909.99,2936.31,2908.53,0,2933.68,0
2019-04-24,2934,2936.83,2926.05,0,2927.25,0
2019-04-25,2928.99,2933.1,2912.84,0,2926.17,0
2019-04-26,2925.81,2939.88,2917.56,0,2939.88,0
2019-04-29,2940.58,2949.52,2939.35,0,2943.03,0
2019-04-30,2937.14,2948.22,2924.11,0,2945.83,0
2019-05-01,2952.33,2954.13,2923.36,0,2923.73,0
2019-05-02,2922.16,2931.68,2900.5,0,2917.52,0
2019-05-03,2929.21,2947.85,2929.21,0,2945.64,0
2019-05-06,2908.89,2937.32,2898.21,0,2932.47,0
2019-05-07,2913.03,2913.03,2862.6,0,2884.05,0
2019-05-08,2879.61,2897.96,2873.28,0,2879.42,0
2019-05-09,2859.84,2875.97,2836.4,0,2870.72,0
2019-05-10,2863.1,2891.31,2825.39,0,2881.4,0
2019-05-13,2840.19,2840.19,2801.43,0,2811.87,0
2019-05-14,2820.12,2852.54,2820.12,0,2834.41,0
2019-05-15,2820.38,2858.68,2815.08,0,2850.96,0
2019-05-16,2855.8,2892.15,2855.8,0,2876.32,0
2019-05-17,2858.6,2885.48,2854.23,0,2859.53,0
2019-05-20,2841.94,2853.86,2831.29,0,2840.23,0
2019-05-21,2854.02,2868.88,2854.02,0,2864.36,0
2019-05-22,2856.06,2865.47,2851.11,0,2856.27,0
2019-05-23,2836.7,2836.7,2805.49,0,2822.24,0
2019-05-24,2832.41,2841.36,2820.19,0,2826.06,0
2019-05-28,2830.03,2840.51,2801.58,0,2802.39,0
2019-05-29,2790.25,2792.03,2766.06,0,2783.02,0
2019-05-30,2786.94,2799,2776.74,0,2788.86,0
2019-05-31,2766.15,2768.98,2750.52,0,2752.06,0
2019-06-03,2751.53,2763.07,2728.81,0,2744.45,0
2019-06-04,2762.64,2804.49,2762.64,0,2803.27,0
2019-06-05,2818.09,2827.28,2800.92,0,2826.15,0
2019-06-06,2828.51,2852.1,2822.45,0,2843.49,0
2019-06-07,2852.87,2884.97,2852.87,0,2873.34,0
2019-06-10,2885.83,2904.77,2885.51,0,2886.73,0
2019-06-11,2903.27,2910.61,2878.53,0,2885.72,0
2019-06-12,2882.73,2888.57,2874.68,0,2879.84,0
2019-06-13,2886.24,2895.24,2881.99,0,2891.64,0
2019-06-14,2886.82,2894.45,2879.62,0,2886.98,0
2019-06-17,2889.75,2897.27,2887.3,0,2889.67,0
2019-06-18,2906.71,2930.79,2905.44,0,2917.75,0
2019-06-19,2920.55,2931.74,2911.43,0,2926.46,0
2019-06-20,2949.6,2958.06,2931.5,0,2954.18,0
2019-06-21,2952.71,2964.15,2946.87,0,2950.46,0
2019-06-24,2951.42,2954.92,2944.05,0,2945.35,0
2019-06-25,2945.78,2946.52,2916.01,0,2917.38,0
2019-06-26,2926.07,2932.59,2912.99,0,2913.78,0
2019-06-27,2919.66,2929.3,2918.57,0,2924.92,0
2019-06-28,2932.94,2943.98,2929.05,0,2941.76,0
2019-07-01,2971.41,2977.93,2952.22,0,2964.33,0
2019-07-02,2964.66,2973.21,2955.92,0,2973.01,0
2019-07-03,2978.08,2995.84,2977.96,0,2995.82,0
2019-07-05,2984.25,2994.03,2967.97,0,2990.41,0
2019-07-08,2979.77,2980.76,2970.09,0,2975.95,0
2019-07-09,2965.52,2981.9,2963.44,0,2979.63,0
2019-07-10,2989.3,3002.98,2984.62,0,2993.07,0
2019-07-11,2999.62,3002.33,2988.8,0,2999.91,0
2019-07-12,3003.36,3013.92,3001.87,0,3013.77,0
2019-07-15,3017.8,3017.8,3008.77,0,3014.3,0
2019-07-16,3012.13,3015.02,3001.15,0,3004.04,0
2019-07-17,3005.1,3005.26,2984.25,0,2984.42,0
2019-07-18,2978.87,2998.28,2973.09,0,2995.11,0
2019-07-19,3004.26,3006.02,2975.86,0,2976.61,0
2019-07-22,2981.93,2990.71,2976.65,0,2985.03,0
2019-07-23,2994.74,3005.9,2988.56,0,3005.47,0
2019-07-24,2998.77,3019.59,2996.82,0,3019.56,0
2019-07-25,3016.26,3016.31,2997.24,0,3003.67,0
2019-07-26,3013.25,3027.98,3012.59,0,3025.86,0
2019-07-29,3024.47,3025.61,3014.3,0,3020.97,0
2019-07-30,3007.66,3017.19,3000.94,0,3013.18,0
2019-07-31,3016.22,3017.4,2958.08,0,2980.38,0
2019-08-01,2980.32,3013.59,2945.23,0,2953.56,0
2019-08-02,2943.9,2945.5,2914.11,0,2932.05,0
2019-08-05,2898.07,2898.07,2822.12,0,2844.74,0
2019-08-06,2861.18,2884.4,2847.42,0,2881.77,0
2019-08-07,2858.65,2892.17,2825.71,0,2883.98,0
2019-08-08,2896.21,2938.72,2894.47,0,2938.09,0
2019-08-09,2930.51,2935.75,2900.15,0,2918.65,0
2019-08-12,2907.07,2907.58,2873.14,0,2883.75,0
2019-08-13,2880.72,2943.31,2877.05,0,2926.32,0
2019-08-14,2894.15,2894.15,2839.64,0,2840.6,0
2019-08-15,2846.2,2856.67,2825.51,0,2847.6,0
2019-08-16,2864.74,2893.63,2864.74,0,2888.68,0
2019-08-19,2913.48,2931,2913.48,0,2923.65,0
2019-08-20,2919.01,2923.63,2899.6,0,2900.51,0
2019-08-21,2922.04,2928.73,2917.91,0,2924.43,0
2019-08-22,2930.94,2939.08,2904.51,0,2922.95,0
2019-08-23,2911.07,2927.01,2834.97,0,2847.11,0
2019-08-26,2866.7,2879.27,2856,0,2878.38,0
2019-08-27,2893.14,2898.79,2860.59,0,2869.16,0
2019-08-28,2861.28,2890.03,2853.05,0,2887.94,0
2019-08-29,2910.37,2930.5,2905.67,0,2924.58,0
2019-08-30,2937.09,2940.43,2913.32,0,2926.46,0
2019-09-03,2909.01,2914.39,2891.85,0,2906.27,0
2019-09-04,2924.67,2938.84,2921.86,0,2937.78,0
2019-09-05,2960.6,2985.86,2960.6,0,2976,0
2019-09-06,2980.33,2985.03,2972.51,0,2978.71,0
2019-09-09,2988.43,2989.43,2969.39,0,2978.43,0
2019-09-10,2971.01,2979.39,2957.01,0,2979.39,0
2019-09-11,2981.41,3000.93,2975.31,0,3000.93,0
2019-09-12,3009.08,3020.74,3000.92,0,3009.57,0
2019-09-13,3012.21,3017.33,3002.9,0,3007.39,0
2019-09-16,2996.41,3002.19,2990.67,0,2997.96,0
2019-09-17,2995.67,3006.21,2993.73,0,3005.7,0
2019-09-18,3001.5,3007.83,2978.57,0,3006.73,0
2019-09-19,3010.36,3021.99,3003.16,0,3006.79,0
2019-09-20,3008.42,3016.37,2984.68,0,2992.07,0
2019-09-23,2983.5,2999.15,2982.23,0,2991.78,0
2019-09-24,3002.43,3007.98,2957.73,0,2966.6,0
2019-09-25,2968.35,2989.82,2952.86,0,2984.87,0
2019-09-26,2985.73,2987.28,2963.71,0,2977.62,0
2019-09-27,2985.47,2987.31,2945.53,0,2961.79,0
2019-09-30,2967.07,2983.85,2967.07,0,2976.74,0
2019-10-01,2983.69,2992.53,2938.7,0,2940.25,0
2019-10-02,2924.78,2924.78,2874.93,0,2887.61,0
2019-10-03,2885.38,2911.13,2855.94,0,2910.63,0
2019-10-04,2918.56,2953.74,2918.56,0,2952.01,0
2019-10-07,2944.23,2959.75,2935.68,0,2938.79,0
2019-10-08,2920.4,2925.47,2892.66,0,2893.06,0
2019-10-09,2911.1,2929.32,2907.41,0,2919.4,0
2019-10-10,2918.55,2948.46,2917.12,0,2938.13,0
2019-10-11,2963.07,2993.28,2963.07,0,2970.27,0
2019-10-14,2965.81,2972.84,2962.94,0,2966.15,0
2019-10-15,2973.61,3003.28,2973.61,0,2995.68,0
2019-10-16,2989.68,2997.54,2985.2,0,2989.69,0
2019-10-17,3000.77,3008.29,2991.79,0,2997.95,0
2019-10-18,2996.84,3000,2976.31,0,2986.2,0
2019-10-21,2996.48,3007.33,2995.35,0,3006.72,0
2019-10-22,3010.73,3014.57,2995.04,0,2995.99,0
2019-10-23,2994.01,3004.78,2991.21,0,3004.52,0
2019-10-24,3014.78,3016.07,3000.42,0,3010.29,0
2019-10-25,3003.32,3027.39,3001.94,0,3022.55,0
2019-10-28,3032.12,3044.08,3032.12,0,3039.42,0
2019-10-29,3035.39,3047.87,3034.81,0,3036.89,0
2019-10-30,3039.74,3050.1,3025.96,0,3046.77,0
2019-10-31,3046.9,3046.9,3023.19,0,3037.56,0
2019-11-01,3050.72,3066.95,3050.72,0,3066.91,0
2019-11-04,3078.96,3085.2,3074.87,0,3078.27,0
2019-11-05,3080.8,3083.95,3072.15,0,3074.62,0
2019-11-06,3075.1,3078.34,3065.89,0,3076.78,0
2019-11-07,3087.02,3097.77,3080.23,0,3085.18,0
2019-11-08,3081.25,3093.09,3073.58,0,3093.08,0
2019-11-11,3080.33,3088.33,3075.82,0,3087.01,0
2019-11-12,3089.28,3102.61,3084.73,0,3091.84,0
2019-11-13,3084.18,3098.06,3078.8,0,3094.04,0
2019-11-14,3090.75,3098.2,3083.26,0,3096.63,0
2019-11-15,3107.92,3120.46,3104.6,0,3120.46,0
2019-11-18,3117.91,3124.17,3112.06,0,3122.03,0
2019-11-19,3127.45,3127.64,3113.47,0,3120.18,0
2019-11-20,3114.66,3118.97,3091.41,0,3108.46,0
2019-11-21,3108.49,3110.11,3094.55,0,3103.54,0
2019-11-22,3111.41,3112.87,3099.26,0,3110.29,0
2019-11-25,3117.44,3133.83,3117.44,0,3133.64,0
2019-11-26,3134.85,3142.69,3131,0,3140.52,0
2019-11-27,3145.49,3154.26,3143.41,0,3153.63,0
2019-11-29,3147.18,3150.3,3139.34,0,3140.98,0
2019-12-02,3143.85,3144.31,3110.78,0,3113.87,0
2019-12-03,3087.41,3094.97,3070.33,0,3093.2,0
2019-12-04,3103.5,3119.38,3102.53,0,3112.76,0
2019-12-05,3119.21,3119.45,3103.76,0,3117.43,0
2019-12-06,3134.62,3150.6,3134.62,0,3145.91,0
2019-12-09,3141.86,3148.87,3135.46,0,3135.96,0
2019-12-10,3135.36,3142.12,3126.09,0,3132.52,0
2019-12-11,3135.75,3143.98,3133.21,0,3141.63,0
2019-12-12,3141.23,3176.28,3138.47,0,3168.57,0
2019-12-13,3166.65,3182.68,3156.51,0,3168.8,0
2019-12-16,3183.63,3197.71,3183.63,0,3191.45,0
2019-12-17,3195.4,3198.22,3191.03,0,3192.52,0
2019-12-18,3195.21,3198.48,3191.14,0,3191.14,0
2019-12-19,3192.32,3205.48,3192.32,0,3205.37,0
2019-12-20,3223.33,3225.65,3216.03,0,3221.22,0
2019-12-23,3226.05,3227.78,3222.3,0,3224.01,0
2019-12-24,3225.45,3226.43,3220.51,0,3223.38,0
2019-12-26,3227.2,3240.08,3227.2,0,3239.91,0
2019-12-27,3247.23,3247.93,3234.37,0,3240.02,0
2019-12-30,3240.09,3240.92,3216.57,0,3221.29,0
2019-12-31,3215.18,3231.72,3212.03,0,3230.78,0
2020-01-02,3244.67,3258.14,3235.53,0,3257.85,0
2020-01-03,3226.36,3246.15,3222.34,0,3234.85,0
2020-01-06,3217.55,3246.84,3214.64,0,3246.28,0
2020-01-07,3241.86,3244.91,3232.43,0,3237.18,0
2020-01-08,3238.59,3267.07,3236.67,0,3253.05,0
2020-01-09,3266.03,3275.58,3263.67,0,3274.7,0
2020-01-10,3281.81,3282.99,3260.86,0,3265.35,0
2020-01-13,3271.13,3288.13,3268.43,0,3288.13,0
2020-01-14,3285.35,3294.25,3277.19,0,3283.15,0
2020-01-15,3282.27,3298.66,3280.69,0,3289.29,0
2020-01-16,3302.97,3317.11,3302.82,0,3316.81,0
2020-01-17,3323.66,3329.88,3318.86,0,3329.62,0
2020-01-21,3321.03,3329.79,3316.61,0,3320.79,0
2020-01-22,3330.02,3337.77,3320.04,0,3321.75,0
2020-01-23,3315.77,3326.88,3301.87,0,3325.54,0
2020-01-24,3333.1,3333.18,3281.53,0,3295.47,0
2020-01-27,3247.16,3258.85,3234.5,0,3243.63,0
2020-01-28,3255.35,3285.78,3253.22,0,3276.24,0
2020-01-29,3289.46,3293.47,3271.89,0,3273.4,0
2020-01-30,3256.45,3285.91,3242.8,0,3283.66,0
2020-01-31,3282.33,3282.33,3214.68,0,3225.52,0
2020-02-03,3235.66,3268.44,3235.66,0,3248.92,0
2020-02-04,3280.61,3306.92,3280.61,0,3297.59,0
2020-02-05,3324.91,3337.58,3313.75,0,3334.69,0
2020-02-06,3344.92,3347.96,3334.39,0,3345.78,0
2020-02-07,3335.54,3341.42,3322.12,0,3327.71,0
2020-02-10,3318.28,3352.26,3317.77,0,3352.09,0
2020-02-11,3365.87,3375.63,3352.72,0,3357.75,0
2020-02-12,3370.5,3381.47,3369.72,0,3379.45,0
2020-02-13,3365.9,3385.09,3360.52,0,3373.94,0
2020-02-14,3378.08,3380.69,3366.15,0,3380.16,0
2020-02-18,3369.04,3375.01,3355.61,0,3370.29,0
2020-02-19,3380.39,3393.52,3378.83,0,3386.15,0
2020-02-20,3380.45,3389.15,3341.02,0,3373.23,0
2020-02-21,3360.5,3360.76,3328.45,0,3337.75,0
2020-02-24,3257.61,3259.81,3214.65,0,3225.89,0
2020-02-25,3238.94,3246.99,3118.77,0,3128.21,0
2020-02-26,3139.9,3182.51,3108.99,0,3116.39,0
2020-02-27,3062.54,3097.07,2977.39,0,2978.76,0
2020-02-28,2916.9,2959.72,2855.84,0,2954.22,0
2020-03-02,2974.28,3090.96,2945.19,0,3090.23,0
2020-03-03,3096.46,3136.72,2976.63,0,3003.37,0
2020-03-04,3045.75,3130.97,3034.38,0,3130.12,0
2020-03-05,3075.7,3083.04,2999.83,0,3023.94,0
2020-03-06,2954.2,2985.93,2901.54,0,2972.37,0
2020-03-09,2863.89,2863.89,2734.43,0,2746.56,0
2020-03-10,2813.48,2882.59,2734,0,2882.23,0
2020-03-11,2825.6,2825.6,2707.22,0,2741.38,0
2020-03-12,2630.86,2660.95,2478.86,0,2480.64,0
2020-03-13,2569.99,2711.33,2492.37,0,2711.02,0
2020-03-16,2508.59,2562.98,2380.94,0,2386.13,0
2020-03-17,2425.66,2553.93,2367.04,0,2529.19,0
2020-03-18,2436.5,2453.57,2280.52,0,2398.1,0
2020-03-19,2393.48,2466.97,2319.78,0,2409.39,0
2020-03-20,2431.94,2453.01,2295.56,0,2304.92,0
2020-03-23,2290.71,2300.73,2191.86,0,2237.4,0
2020-03-24,2344.44,2449.71,2344.44,0,2447.33,0
2020-03-25,2457.77,2571.42,2407.53,0,2475.56,0
2020-03-26,2501.29,2637.01,2500.72,0,2630.07,0
2020-03-27,2555.87,2615.91,2520.02,0,2541.47,0
2020-03-30,2558.98,2631.8,2545.28,0,2626.65,0
2020-03-31,2614.69,2641.39,2571.15,0,2584.59,0
2020-04-01,2498.08,2522.75,2447.49,0,2470.5,0
2020-04-02,2458.54,2533.22,2455.79,0,2526.9,0
2020-04-03,2514.92,2538.18,2459.96,0,2488.65,0
2020-04-06,2578.28,2676.85,2574.57,0,2663.68,0
2020-04-07,2738.65,2756.89,2657.67,0,2659.41,0
2020-04-08,2685,2760.75,2663.3,0,2749.98,0
2020-04-09,2776.99,2818.57,2762.36,0,2789.82,0
2020-04-13,2782.46,2782.46,2721.17,0,2761.63,0
2020-04-14,2805.1,2851.85,2805.1,0,2846.06,0
2020-04-15,2795.64,2801.88,2761.54,0,2783.36,0
2020-04-16,2799.34,2806.51,2764.32,0,2799.55,0
2020-04-17,2842.43,2879.22,2830.88,0,2874.56,0
2020-04-20,2845.62,2868.98,2820.43,0,2823.16,0
2020-04-21,2784.81,2785.54,2727.1,0,2736.56,0
2020-04-22,2787.89,2815.1,2775.95,0,2799.31,0
2020-04-23,2810.42,2844.9,2794.26,0,2797.8,0
2020-04-24,2812.64,2842.71,2791.76,0,2836.74,0
2020-04-27,2854.65,2887.72,2852.89,0,2878.48,0
2020-04-28,2909.96,2921.15,2860.71,0,2863.39,0
2020-04-29,2918.46,2954.86,2912.16,0,2939.51,0
2020-04-30,2930.91,2930.91,2892.47,0,2912.43,0
2020-05-01,2869.09,2869.09,2821.61,0,2830.71,0
2020-05-04,2815.01,2844.24,2797.85,0,2842.74,0
2020-05-05,2868.88,2898.23,2863.55,0,2868.44,0
2020-05-06,2883.14,2891.11,2847.65,0,2848.42,0
2020-05-07,2878.26,2901.92,2876.48,0,2881.19,0
2020-05-08,2908.83,2932.16,2902.88,0,2929.8,0
2020-05-11,2915.46,2944.25,2903.44,0,2930.32,0
2020-05-12,2939.5,2945.82,2869.59,0,2870.12,0
2020-05-13,2865.86,2874.14,2793.15,0,2820,0
2020-05-14,2794.54,2852.8,2766.64,0,2852.5,0
2020-05-15,2829.95,2865.01,2816.78,0,2863.7,0
2020-05-18,2913.86,2968.09,2913.86,0,2953.91,0
2020-05-19,2948.59,2964.21,2922.35,0,2922.94,0
2020-05-20,2953.63,2980.29,2953.63,0,2971.61,0
2020-05-21,2969.95,2978.5,2938.57,0,2948.51,0
2020-05-22,2948.05,2956.76,2933.59,0,2955.45,0
2020-05-26,3004.08,3021.72,2988.17,0,2991.77,0
2020-05-27,3015.65,3036.25,2969.75,0,3036.13,0
2020-05-28,3046.61,3068.67,3023.4,0,3029.73,0
2020-05-29,3025.17,3049.17,2998.61,0,3044.31,0
2020-06-01,3038.78,3062.18,3031.54,0,3055.73,0
2020-06-02,3064.78,3081.07,3051.64,0,3080.82,0
2020-06-03,3098.9,3130.94,3098.9,0,3122.87,0
2020-06-04,3111.56,3128.91,3090.41,0,3112.35,0
2020-06-05,3163.84,3211.72,3163.84,0,3193.93,0
2020-06-08,3199.92,3233.13,3196,0,3232.39,0
2020-06-09,3213.32,3222.71,3193.11,0,3207.18,0
2020-06-10,3213.42,3223.27,3181.49,0,3190.14,0
2020-06-11,3123.53,3123.53,2999.49,0,3002.1,0
2020-06-12,3071.04,3088.42,2984.47,0,3041.31,0
2020-06-15,2993.76,3079.76,2965.66,0,3066.59,0
2020-06-16,3131,3153.45,3076.06,0,3124.74,0
2020-06-17,3136.13,3141.16,3108.03,0,3113.49,0
2020-06-18,3101.64,3120,3093.51,0,3115.34,0
2020-06-19,3140.29,3155.53,3083.11,0,3097.74,0
2020-06-22,3094.42,3120.92,3079.39,0,3117.86,0
2020-06-23,3138.7,3154.9,3127.12,0,3131.29,0
2020-06-24,3114.4,3115.01,3032.13,0,3050.33,0
2020-06-25,3046.6,3086.25,3024.01,0,3083.76,0
2020-06-26,3073.2,3073.73,3004.63,0,3009.05,0
2020-06-29,3018.59,3053.89,2999.74,0,3053.24,0
2020-06-30,3050.2,3111.51,3047.83,0,3100.29,0
2020-07-01,3105.92,3128.44,3101.17,0,3115.86,0
2020-07-02,3143.64,3165.81,3124.52,0,3130.01,0
2020-07-06,3155.29,3182.59,3155.29,0,3179.72,0
2020-07-07,3166.44,3184.15,3142.93,0,3145.32,0
2020-07-08,3153.07,3171.8,3136.53,0,3169.94,0
2020-07-09,3176.17,3179.78,3115.7,0,3152.05,0
2020-07-10,3152.47,3186.82,3136.22,0,3185.04,0
2020-07-13,3205.08,3235.32,3149.43,0,3155.22,0
2020-07-14,3141.11,3200.95,3127.66,0,3197.52,0
2020-07-15,3225.98,3238.28,3200.76,0,3226.56,0
2020-07-16,3208.36,3220.39,3198.59,0,3215.57,0
2020-07-17,3224.21,3233.52,3205.65,0,3224.73,0
2020-07-20,3224.29,3258.61,3215.16,0,3251.84,0
2020-07-21,3268.52,3277.29,3247.77,0,3257.3,0
2020-07-22,3254.86,3279.32,3253.1,0,3276.02,0
2020-07-23,3271.64,3279.99,3222.66,0,3235.66,0
2020-07-24,3218.58,3227.26,3200.05,0,3215.63,0
2020-07-27,3219.84,3241.43,3214.25,0,3239.41,0
2020-07-28,3234.27,3243.72,3216.17,0,3218.44,0
2020-07-29,3227.22,3264.74,3227.22,0,3258.44,0
2020-07-30,3231.76,3250.92,3204.13,0,3246.22,0
2020-07-31,3270.45,3272.17,3220.26,0,3271.12,0
2020-08-03,3288.26,3302.73,3284.53,0,3294.61,0
2020-08-04,3289.92,3306.84,3286.37,0,3306.51,0
2020-08-05,3317.37,3330.77,3317.37,0,3327.77,0
2020-08-06,3323.17,3351.03,3318.14,0,3349.16,0
2020-08-07,3340.05,3352.54,3328.72,0,3351.28,0
2020-08-10,3356.04,3363.29,3335.44,0,3360.47,0
2020-08-11,3370.34,3381.01,3326.44,0,3333.69,0
2020-08-12,3355.46,3387.89,3355.46,0,3380.35,0
2020-08-13,3372.95,3387.24,3363.35,0,3373.43,0
2020-08-14,3368.66,3378.51,3361.64,0,3372.85,0
2020-08-17,3380.86,3387.59,3379.22,0,3381.99,0
2020-08-18,3387.04,3395.06,3370.15,0,3389.78,0
2020-08-19,3392.51,3399.54,3369.66,0,3374.85,0
2020-08-20,3360.48,3390.8,3354.69,0,3385.51,0
2020-08-21,3386.01,3399.96,3379.31,0,3397.16,0
2020-08-24,3418.09,3432.09,3413.13,0,3431.28,0
2020-08-25,3435.95,3444.21,3425.84,0,3443.62,0
2020-08-26,3449.97,3481.07,3444.15,0,3478.73,0
2020-08-27,3485.14,3501.38,3468.35,0,3484.55,0
2020-08-28,3494.69,3509.23,3484.32,0,3508.01,0
2020-08-31,3509.73,3514.77,3493.25,0,3500.31,0
2020-09-01,3507.44,3528.03,3494.6,0,3526.65,0
2020-09-02,3543.76,3588.11,3535.23,0,3580.84,0
2020-09-03,3564.74,3564.85,3427.41,0,3455.06,0
2020-09-04,3453.6,3479.15,3349.63,0,3426.96,0
2020-09-08,3371.88,3379.97,3329.27,0,3331.84,0
2020-09-09,3369.82,3424.77,3366.84,0,3398.96,0
2020-09-10,3412.56,3425.55,3329.25,0,3339.19,0
2020-09-11,3352.7,3368.95,3310.47,0,3340.97,0
2020-09-14,3363.56,3402.93,3363.56,0,3383.54,0
2020-09-15,3407.73,3419.48,3389.25,0,3401.2,0
2020-09-16,3411.23,3428.92,3384.45,0,3385.49,0
2020-09-17,3346.86,3375.17,3328.82,0,3357.01,0
2020-09-18,3357.38,3362.27,3292.4,0,3319.47,0
2020-09-21,3285.57,3285.57,3229.1,0,3281.06,0
2020-09-22,3295.75,3320.31,3270.95,0,3315.57,0
2020-09-23,3320.11,3323.35,3232.57,0,3236.92,0
2020-09-24,3226.14,3278.7,3209.45,0,3246.59,0
2020-09-25,3236.66,3306.88,3228.44,0,3298.46,0
2020-09-28,3333.9,3360.74,3332.91,0,3351.6,0
2020-09-29,3350.92,3357.92,3327.54,0,3335.47,0
2020-09-30,3341.21,3393.56,3340.47,0,3363,0
2020-10-01,3385.87,3397.18,3361.39,0,3380.8,0
2020-10-02,3338.94,3369.1,3323.69,0,3348.44,0
2020-10-05,3367.27,3409.57,3367.27,0,3408.63,0
2020-10-06,3408.74,3431.56,3354.54,0,3360.95,0
2020-10-07,3384.56,3426.26,3384.56,0,3419.45,0
2020-10-08,3434.28,3447.28,3428.15,0,3446.83,0
2020-10-09,3459.67,3482.34,3458.07,0,3477.13,0
2020-10-12,3500.02,3549.85,3499.61,0,3534.22,0
2020-10-13,3534.01,3534.01,3500.86,0,3511.93,0
2020-10-14,3515.47,3527.94,3480.55,0,3488.67,0
2020-10-15,3453.72,3489.08,3440.89,0,3483.34,0
2020-10-16,3493.5,3515.76,3480.45,0,3483.81,0
2020-10-19,3493.66,3502.42,3419.93,0,3426.92,0
2020-10-20,3439.38,3476.93,3435.65,0,3443.12,0
2020-10-21,3439.91,3464.86,3433.06,0,3435.56,0
2020-10-22,3438.5,3460.53,3415.34,0,3453.49,0
2020-10-23,3464.9,3466.46,3440.45,0,3465.39,0
2020-10-26,3441.42,3441.42,3364.86,0,3400.97,0
2020-10-27,3403.15,3409.51,3388.71,0,3390.68,0
2020-10-28,3342.48,3342.48,3268.89,0,3271.03,0
2020-10-29,3277.17,3341.05,3259.82,0,3310.11,0
2020-10-30,3293.59,3304.93,3233.94,0,3269.96,0
2020-11-02,3296.2,3330.14,3279.74,0,3310.24,0
2020-11-03,3336.25,3389.49,3336.25,0,3369.16,0
2020-11-04,3406.46,3486.25,3405.17,0,3443.44,0
2020-11-05,3485.74,3529.05,3485.74,0,3510.45,0
2020-11-06,3508.34,3521.58,3484.34,0,3509.44,0
2020-11-09,3583.04,3645.99,3547.48,0,3550.5,0
2020-11-10,3543.26,3557.22,3511.91,0,3545.53,0
2020-11-11,3563.22,3581.16,3557,0,3572.66,0
2020-11-12,3562.67,3569.02,3518.58,0,3537.01,0
2020-11-13,3552.57,3593.66,3552.57,0,3585.15,0
2020-11-16,3600.16,3628.51,3600.16,0,3626.91,0
2020-11-17,3610.31,3623.11,3588.68,0,3609.53,0
2020-11-18,3612.09,3619.09,3567.33,0,3567.79,0
2020-11-19,3559.41,3585.22,3543.84,0,3581.87,0
2020-11-20,3579.31,3581.23,3556.85,0,3557.54,0
2020-11-23,3566.82,3589.81,3552.77,0,3577.59,0
2020-11-24,3594.52,3642.31,3594.52,0,3635.41,0
2020-11-25,3635.5,3635.5,3617.76,0,3629.65,0
2020-11-27,3638.55,3644.31,3629.33,0,3638.35,0
2020-11-30,3634.18,3634.18,3594.39,0,3621.63,0
2020-12-01,3645.87,3678.45,3645.87,0,3662.45,0
2020-12-02,3653.78,3670.96,3644.84,0,3669.01,0
2020-12-03,3668.28,3682.73,3657.17,0,3666.72,0
2020-12-04,3670.94,3699.2,3670.94,0,3699.12,0
2020-12-07,3694.73,3697.41,3678.88,0,3691.96,0
2020-12-08,3683.05,3708.45,3678.83,0,3702.25,0
2020-12-09,3705.98,3712.39,3660.54,0,3672.82,0
2020-12-10,3659.13,3678.49,3645.18,0,3668.1,0
2020-12-11,3656.08,3665.91,3633.4,0,3663.46,0
2020-12-14,3675.27,3697.61,3645.84,0,3647.49,0
2020-12-15,3666.41,3695.29,3659.62,0,3694.62,0
2020-12-16,3696.25,3711.27,3688.57,0,3701.17,0
2020-12-17,3713.65,3725.12,3710.87,0,3722.48,0
2020-12-18,3722.39,3726.7,3685.84,0,3709.41,0
2020-12-21,3684.28,3702.9,3636.48,0,3694.92,0
2020-12-22,3698.08,3698.26,3676.16,0,3687.26,0
2020-12-23,3693.42,3711.24,3689.28,0,3690.01,0
2020-12-24,3694.03,3703.82,3689.32,0,3703.06,0
2020-12-28,3723.03,3740.51,3723.03,0,3735.36,0
2020-12-29,3750.01,3756.12,3723.31,0,3727.04,0
2020-12-30,3736.19,3744.63,3730.21,0,3732.04,0
2020-12-31,3733.27,3760.2,3726.88,0,3756.07,0
